{
  "N": 3,
  "distribution": {
    "8": 43,
    "5": 102,
    "1": 341,
    "3": 130,
    "4": 89,
    "7": 105,
    "2": 127,
    "6": 63
  },
  "mean": 3.308,
  "weights": {
    "(0, 0, 0, 0)": [
      [
        1.0,
        1.0,
        1.0,
        1.0
      ],
      0
    ],
    "(0, 0, 0, 1)": [
      [
        1.0,
        18.431072235107422,
        1.0,
        27.816511154174805
      ],
      12652
    ],
    "(0, 0, 0, 2)": [
      [
        1.0,
        13.065495491027832,
        1.0,
        18.151670455932617
      ],
      21715
    ],
    "(0, 0, 1, 0)": [
      [
        1.0,
        27.22927474975586,
        1.0,
        17.974504470825195
      ],
      12698
    ],
    "(0, 0, 1, 1)": [
      [
        1.0,
        23.553234100341797,
        1.0,
        22.842832565307617
      ],
      4888
    ],
    "(0, 0, 1, 2)": [
      [
        1.0,
        16.255107879638672,
        1.0,
        19.200313568115234
      ],
      20396
    ],
    "(0, 0, 2, 0)": [
      [
        1.0,
        19.050207138061523,
        1.0,
        14.208023071289062
      ],
      24541
    ],
    "(0, 0, 2, 1)": [
      [
        1.0,
        18.12007713317871,
        1.0,
        17.05120849609375
      ],
      19941
    ],
    "(0, 0, 2, 2)": [
      [
        1.0,
        13.775352478027344,
        1.0,
        13.237698554992676
      ],
      21013
    ],
    "(0, 1, 0, 0)": [
      [
        1.0,
        15.92049789428711,
        25.674896240234375,
        15.274687767028809
      ],
      33221
    ],
    "(0, 1, 0, 1)": [
      [
        1.0,
        1.0,
        1.0,
        1.0
      ],
      0
    ],
    "(0, 1, 0, 2)": [
      [
        1.0,
        14.90841293334961,
        13.533689498901367,
        24.650100708007812
      ],
      31034
    ],
    "(0, 1, 1, 0)": [
      [
        1.0,
        20.324918746948242,
        20.907604217529297,
        15.92458438873291
      ],
      30584
    ],
    "(0, 1, 1, 1)": [
      [
        1.0,
        27.864065170288086,
        19.925539016723633,
        21.19672393798828
      ],
      4440
    ],
    "(0, 1, 1, 2)": [
      [
        1.0,
        19.810935974121094,
        16.198938369750977,
        21.867860794067383
      ],
      30708
    ],
    "(0, 1, 2, 0)": [
      [
        1.0,
        16.191219329833984,
        16.395442962646484,
        11.422666549682617
      ],
      37382
    ],
    "(0, 1, 2, 1)": [
      [
        1.0,
        20.420270919799805,
        14.417539596557617,
        16.377134323120117
      ],
      34173
    ],
    "(0, 1, 2, 2)": [
      [
        1.0,
        15.160904884338379,
        10.720309257507324,
        15.13167953491211
      ],
      34979
    ],
    "(0, 2, 0, 0)": [
      [
        1.0,
        13.864789009094238,
        19.81602668762207,
        1.0
      ],
      23469
    ],
    "(0, 2, 0, 1)": [
      [
        1.0,
        18.73586654663086,
        26.77359962463379,
        1.0
      ],
      12921
    ],
    "(0, 2, 0, 2)": [
      [
        1.0,
        1.0,
        1.0,
        1.0
      ],
      0
    ],
    "(0, 2, 1, 0)": [
      [
        1.0,
        17.038494110107422,
        18.458248138427734,
        1.0
      ],
      20725
    ],
    "(0, 2, 1, 1)": [
      [
        1.0,
        22.496118545532227,
        23.38880729675293,
        1.0
      ],
      5114
    ],
    "(0, 2, 1, 2)": [
      [
        1.0,
        27.41022491455078,
        19.299036026000977,
        1.0
      ],
      13159
    ],
    "(0, 2, 2, 0)": [
      [
        1.0,
        13.814092636108398,
        14.404134750366211,
        1.0
      ],
      21669
    ],
    "(0, 2, 2, 1)": [
      [
        1.0,
        18.817651748657227,
        16.876220703125,
        1.0
      ],
      21736
    ],
    "(0, 2, 2, 2)": [
      [
        1.0,
        19.380210876464844,
        13.69797420501709,
        1.0
      ],
      23206
    ],
    "(1, 0, 0, 0)": [
      [
        25.308361053466797,
        14.247068405151367,
        1.0,
        16.106691360473633
      ],
      32235
    ],
    "(1, 0, 0, 1)": [
      [
        21.070470809936523,
        15.479695320129395,
        1.0,
        20.213455200195312
      ],
      30063
    ],
    "(1, 0, 0, 2)": [
      [
        13.909666061401367,
        10.628958702087402,
        1.0,
        15.2494478225708
      ],
      34128
    ],
    "(1, 0, 1, 0)": [
      [
        1.0,
        1.0,
        1.0,
        1.0
      ],
      0
    ],
    "(1, 0, 1, 1)": [
      [
        20.841917037963867,
        21.90875816345215,
        1.0,
        28.155757904052734
      ],
      4406
    ],
    "(1, 0, 1, 2)": [
      [
        15.073261260986328,
        14.817709922790527,
        1.0,
        19.51395606994629
      ],
      31902
    ],
    "(1, 0, 2, 0)": [
      [
        15.333952903747559,
        24.614116668701172,
        1.0,
        16.901683807373047
      ],
      33342
    ],
    "(1, 0, 2, 1)": [
      [
        15.771928787231445,
        20.85173988342285,
        1.0,
        19.945159912109375
      ],
      29799
    ],
    "(1, 0, 2, 2)": [
      [
        11.375383377075195,
        14.930877685546875,
        1.0,
        15.588258743286133
      ],
      34967
    ],
    "(1, 1, 0, 0)": [
      [
        19.288089752197266,
        13.099059104919434,
        17.988323211669922,
        13.66886043548584
      ],
      40476
    ],
    "(1, 1, 0, 1)": [
      [
        26.944026947021484,
        16.284303665161133,
        18.206520080566406,
        18.057645797729492
      ],
      30526
    ],
    "(1, 1, 0, 2)": [
      [
        17.671899795532227,
        12.623453140258789,
        12.723346710205078,
        18.194107055664062
      ],
      37756
    ],
    "(1, 1, 1, 0)": [
      [
        18.339794158935547,
        19.361906051635742,
        26.744916915893555,
        16.90188217163086
      ],
      31179
    ],
    "(1, 1, 1, 1)": [
      [
        1.0,
        1.0,
        1.0,
        1.0
      ],
      0
    ],
    "(1, 1, 1, 2)": [
      [
        18.808839797973633,
        19.098873138427734,
        15.790413856506348,
        27.333040237426758
      ],
      30240
    ],
    "(1, 1, 2, 0)": [
      [
        13.793200492858887,
        19.488122940063477,
        18.361652374267578,
        13.562067031860352
      ],
      41292
    ],
    "(1, 1, 2, 1)": [
      [
        16.92272186279297,
        27.391096115112305,
        17.742237091064453,
        18.594905853271484
      ],
      30986
    ],
    "(1, 1, 2, 2)": [
      [
        13.068371772766113,
        18.120037078857422,
        12.724658012390137,
        18.44720458984375
      ],
      37683
    ],
    "(1, 2, 0, 0)": [
      [
        15.384062767028809,
        12.624762535095215,
        15.93399715423584,
        1.0
      ],
      37203
    ],
    "(1, 2, 0, 1)": [
      [
        21.50953483581543,
        14.955257415771484,
        20.385841369628906,
        1.0
      ],
      30413
    ],
    "(1, 2, 0, 2)": [
      [
        26.89940071105957,
        14.492379188537598,
        14.656052589416504,
        1.0
      ],
      31843
    ],
    "(1, 2, 1, 0)": [
      [
        15.185028076171875,
        16.192596435546875,
        19.855716705322266,
        1.0
      ],
      33669
    ],
    "(1, 2, 1, 1)": [
      [
        21.756118774414062,
        14.467016220092773,
        27.93453025817871,
        1.0
      ],
      4395
    ],
    "(1, 2, 1, 2)": [
      [
        1.0,
        1.0,
        1.0,
        1.0
      ],
      0
    ],
    "(1, 2, 2, 0)": [
      [
        11.258264541625977,
        15.85030460357666,
        16.164348602294922,
        1.0
      ],
      36804
    ],
    "(1, 2, 2, 1)": [
      [
        16.034982681274414,
        21.695898056030273,
        19.564931869506836,
        1.0
      ],
      31002
    ],